Phenotype,Chromosome,CAVIAR Fine Mapping Top SV,CAVIAR Fine Mapping Top SV Causal Post Probability
chr1_908919_910503_CpG:_154,chr1,napu_chr1_908918_909009_DEL_-91,0.999498
chr1_933952_934964_CpG:_92,chr1,napu_chr1_933983_934823_DEL_-840,1.0
chr1_976046_979425_CpG:_248,chr1,napu_chr1_976679_977026_DEL_-347,1.0
chr1_1076129_1078022_CpG:_122,chr1,napu_chr1_1068759_1068759_INS_77,0.631589
chr1_1080679_1080980_CpG:_20,chr1,napu_chr1_1080740_1080803_DEL_-63,1.0
chr1_1136989_1137467_CpG:_55,chr1,napu_chr1_1134739_1134739_INS_117,0.989328
chr1_1286017_1294783_CpG:_590,chr1,napu_chr1_1288041_1288410_DEL_-369,0.957642
chr1_1348553_1351571_CpG:_310,chr1,napu_chr1_1349989_1351068_DEL_-1079,1.0
chr1_1419779_1420620_CpG:_113,chr1,napu_chr1_1349989_1351068_DEL_-1079,0.994896
chr1_1944178_1944438_CpG:_23,chr1,napu_chr1_1934030_1934653_DEL_-623,1.0
chr1_1954905_1955431_CpG:_46,chr1,napu_chr1_1934260_1934260_INS_101,0.944717
chr1_1964975_1965189_CpG:_18,chr1,napu_chr1_1980081_1980297_DEL_-216,0.587183
chr1_2121722_2124405_CpG:_184,chr1,napu_chr1_2110021_2110116_DEL_-95,0.999415
chr1_2440407_2440634_CpG:_17,chr1,napu_chr1_2440387_2440387_INS_2362,0.999986
chr1_2521356_2521568_CpG:_16,chr1,napu_chr1_3441846_3442628_DEL_-782,0.909566
chr1_3001801_3002189_CpG:_34,chr1,napu_chr1_3002467_3002802_DEL_-335,0.564319
chr1_3858513_3858805_CpG:_21,chr1,napu_chr1_3832420_3832420_INS_100,0.506864
chr1_12229897_12230528_CpG:_77,chr1,napu_chr1_11373881_11373881_INS_1248,0.668971
chr1_16547906_16548318_CpG:_41,chr1,napu_chr1_16530064_16537446_DEL_-7382,0.988131
chr1_18784226_18784438_CpG:_19,chr1,napu_chr1_18744453_18744453_INS_81,0.88432
chr1_21427995_21429502_CpG:_180,chr1,napu_chr1_21424735_21424735_INS_323,0.983391
chr1_26164031_26164557_CpG:_46,chr1,napu_chr1_26133604_26138278_DEL_-4674,0.969234
chr1_31937681_31938781_CpG:_82,chr1,napu_chr1_31807392_31807392_INS_331,0.815681
chr1_37995912_37996316_CpG:_42,chr1,napu_chr1_37742573_37742736_DEL_-163,0.842102
chr1_42145814_42146020_CpG:_22,chr1,napu_chr1_42166807_42167124_DEL_-317,0.996542
chr1_44103319_44103727_CpG:_28,chr1,napu_chr1_44140275_44140359_DEL_-84,1.0
chr1_54800604_54801385_CpG:_80,chr1,napu_chr1_54821878_54822196_DEL_-318,0.706078
chr1_54805992_54806299_CpG:_33,chr1,napu_chr1_54821878_54822196_DEL_-318,0.979875
chr1_67134707_67135032_CpG:_27,chr1,napu_chr1_67227993_67228043_DEL_-50,0.603602
chr1_83860584_83861155_CpG:_50,chr1,napu_chr1_84052242_84058946_DEL_-6704,0.954422
chr1_109643339_109643542_CpG:_16,chr1,napu_chr1_109644541_109648773_DEL_-4232,0.999999
chr1_116534420_116534677_CpG:_30,chr1,napu_chr1_116535542_116535863_DEL_-321,0.985136
chr1_121052119_121052445_CpG:_30,chr1,napu_chr1_120459001_120459001_INS_322,0.996217
chr1_121097207_121098110_CpG:_87,chr1,napu_chr1_120459001_120459001_INS_322,0.584704
chr1_121118208_121118586_CpG:_42,chr1,napu_chr1_120459001_120459001_INS_322,0.516965
chr1_155188536_155192004_CpG:_361,chr1,napu_chr1_155187931_155189218_DEL_-1287,0.999246
chr1_157194748_157195345_CpG:_46,chr1,napu_chr1_157204074_157204761_DEL_-687,0.844948
chr1_161038587_161039040_CpG:_47,chr1,napu_chr1_161055855_161055925_DEL_-70,0.888541
chr1_168056270_168056484_CpG:_33,chr1,napu_chr1_168055321_168056494_DEL_-1173,0.966968
chr1_179591616_179592461_CpG:_74,chr1,napu_chr1_179638157_179638924_DEL_-767,0.844051
chr1_205849770_205850063_CpG:_23,chr1,napu_chr1_205966738_205967054_DEL_-316,0.992459
chr1_209805971_209806321_CpG:_38,chr1,napu_chr1_209671501_209671565_DEL_-64,0.767257
chr1_217134402_217135837_CpG:_99,chr1,napu_chr1_217524862_217524862_INS_87,0.980266
chr1_220877106_220877522_CpG:_43,chr1,napu_chr1_220817516_220817580_DEL_-64,0.543486
chr1_220884121_220884870_CpG:_51,chr1,napu_chr1_220817516_220817580_DEL_-64,0.600712
chr1_230332758_230333104_CpG:_25,chr1,napu_chr1_230315995_230316073_DEL_-78,0.999986
chr1_235642018_235642471_CpG:_35,chr1,napu_chr1_235635572_235635572_INS_169,0.95865
chr1_243101638_243101894_CpG:_34,chr1,napu_chr1_243214578_243214578_INS_326,0.999917
chr1_247126361_247126923_CpG:_66,chr1,napu_chr1_247128865_247129050_DEL_-185,0.999437
chr1_247518097_247518649_CpG:_65,chr1,napu_chr1_247458390_247458587_DEL_-197,1.0
chr1_247530733_247531199_CpG:_51,chr1,napu_chr1_247471735_247471735_INS_105,0.785106
chr1_247937023_247937424_CpG:_38,chr1,napu_chr1_247937028_247937028_INS_279,1.0
chr1_248691729_248692169_CpG:_49,chr1,napu_chr1_248686560_248686837_DEL_-277,0.611193
chr10_931349_932980_CpG:_134,chr10,napu_chr10_1038753_1039005_DEL_-252,0.528239
chr10_1542554_1542757_CpG:_15,chr10,napu_chr10_1558521_1558581_DEL_-60,0.962171
chr10_11742015_11742938_CpG:_93,chr10,napu_chr10_11795636_11795694_DEL_-58,0.999975
chr10_27252368_27252837_CpG:_41,chr10,napu_chr10_27243112_27243112_INS_61,1.0
chr10_27319745_27319963_CpG:_28,chr10,napu_chr10_27320188_27320242_DEL_-54,1.0
chr10_38356184_38356585_CpG:_41,chr10,napu_chr10_38087571_38087571_INS_238,0.787868
chr10_42111033_42113380_CpG:_184,chr10,napu_chr10_42299959_42300099_DEL_-140,0.963288
chr10_42149373_42150964_CpG:_166,chr10,napu_chr10_42306559_42306654_DEL_-95,0.71939
chr10_42177061_42177984_CpG:_123,chr10,napu_chr10_42306559_42306654_DEL_-95,0.890557
chr10_42241838_42243690_CpG:_191,chr10,napu_chr10_42306559_42306654_DEL_-95,0.903959
chr10_42367505_42367768_CpG:_21,chr10,napu_chr10_42306559_42306654_DEL_-95,0.521326
chr10_42475747_42476386_CpG:_50,chr10,napu_chr10_42299959_42300099_DEL_-140,0.560604
chr10_42898028_42898969_CpG:_85,chr10,napu_chr10_42847521_42847618_DEL_-97,1.0
chr10_46911235_46911769_CpG:_47,chr10,napu_chr10_46829394_46841409_DEL_-12015,0.999958
chr10_65053877_65054303_CpG:_44,chr10,napu_chr10_65082047_65082303_DEL_-256,0.88879
chr10_84540643_84541197_CpG:_49,chr10,napu_chr10_84733220_84733220_INS_672,0.812628
chr10_86942558_86943565_CpG:_108,chr10,napu_chr10_86906418_86906758_DEL_-340,0.750126
chr10_90857063_90858277_CpG:_137,chr10,napu_chr10_91055626_91055947_DEL_-321,0.794118
chr10_93065789_93066563_CpG:_75,chr10,napu_chr10_92974540_92974540_INS_57,0.488452
chr10_97319054_97321291_CpG:_200,chr10,napu_chr10_97398065_97398353_DEL_-288,0.433432
chr10_100065204_100065429_CpG:_18,chr10,napu_chr10_100093153_100093153_INS_540,0.999805
chr10_100562075_100562638_CpG:_58,chr10,napu_chr10_100398551_100399780_DEL_-1229,0.959772
chr10_128149464_128150835_CpG:_119,chr10,napu_chr10_128148300_128148620_DEL_-320,0.9942
chr10_132047641_132047920_CpG:_24,chr10,napu_chr10_132047646_132047699_DEL_-53,1.0
chr10_132808919_132809137_CpG:_18,chr10,napu_chr10_132804158_132804158_INS_56,0.766492
chr10_132982957_132983392_CpG:_38,chr10,napu_chr10_132982922_132983301_DEL_-379,0.981034
chr10_133017017_133018705_CpG:_133,chr10,napu_chr10_133010960_133010960_INS_726,0.949743
chr10_133219826_133220841_CpG:_109,chr10,napu_chr10_133220133_133220325_DEL_-192,1.0
chr10_133226433_133226692_CpG:_19,chr10,napu_chr10_133220133_133220325_DEL_-192,1.0
chr10_133372838_133373677_CpG:_87,chr10,napu_chr10_133372920_133372920_INS_104,0.942122
chr10_133520218_133520558_CpG:_31,chr10,napu_chr10_133565911_133566364_DEL_-453,0.96047
chr11_400096_403400_CpG:_382,chr11,napu_chr11_400854_401290_DEL_-436,1.0
chr11_406491_407871_CpG:_109,chr11,napu_chr11_411505_411505_INS_91,0.971886
chr11_424955_425286_CpG:_60,chr11,napu_chr11_428014_428014_INS_323,1.0
chr11_611691_611943_CpG:_22,chr11,napu_chr11_576741_576854_DEL_-113,0.996481
chr11_614760_616068_CpG:_124,chr11,napu_chr11_576741_576854_DEL_-113,0.941917
chr11_626728_628037_CpG:_112,chr11,napu_chr11_576741_576854_DEL_-113,0.916332
chr11_763192_763425_CpG:_20,chr11,napu_chr11_734830_734830_INS_158,1.0
chr11_888684_888981_CpG:_22,chr11,napu_chr11_881338_881338_INS_332,0.960312
chr11_980023_980568_CpG:_50,chr11,napu_chr11_980068_980496_DEL_-428,1.0
chr11_1200345_1200637_CpG:_26,chr11,napu_chr11_1188533_1188533_INS_748,0.472564
chr11_1287401_1287854_CpG:_62,chr11,napu_chr11_1287383_1287497_DEL_-114,0.999985
chr11_1411982_1412460_CpG:_54,chr11,napu_chr11_1429133_1430156_DEL_-1023,0.986057
chr11_2385481_2385697_CpG:_25,chr11,napu_chr11_2385603_2385665_DEL_-62,0.991074
chr11_2791185_2792166_CpG:_87,chr11,napu_chr11_2793406_2793477_DEL_-71,0.973894
chr11_6570730_6571553_CpG:_73,chr11,napu_chr11_6579635_6579845_DEL_-210,1.0
chr11_7088901_7090145_CpG:_156,chr11,napu_chr11_7071557_7071557_INS_334,0.992614
chr11_49049993_49050212_CpG:_24,chr11,napu_chr11_49406787_49406787_INS_100,0.250568
chr11_49851565_49852600_CpG:_90,chr11,napu_chr11_50619706_50621599_DEL_-1893,0.289863
chr11_50298084_50298601_CpG:_59,chr11,napu_chr11_49695838_49695838_INS_130,1.0
chr11_55872592_55873609_CpG:_94,chr11,napu_chr11_56535870_56535870_INS_322,0.941399
chr11_59062590_59063266_CpG:_49,chr11,napu_chr11_59041812_59042144_DEL_-332,0.991501
chr11_61007564_61008835_CpG:_100,chr11,napu_chr11_60990806_60990806_INS_120,0.999995
chr11_65599393_65599783_CpG:_42,chr11,napu_chr11_65596834_65596912_DEL_-78,0.999912
chr11_134961435_134962269_CpG:_78,chr11,napu_chr11_134975095_134975095_INS_50,0.986885
chr12_25958258_25959390_CpG:_155,chr12,napu_chr12_26784957_26785227_DEL_-270,0.546482
chr12_49332808_49333331_CpG:_44,chr12,napu_chr12_49366546_49366546_INS_59,0.993503
chr12_49961056_49962380_CpG:_133,chr12,napu_chr12_49962495_49962495_INS_176,0.999997
chr12_53675841_53677481_CpG:_112,chr12,napu_chr12_53682402_53682722_DEL_-320,0.805082
chr12_53695427_53695629_CpG:_24,chr12,napu_chr12_53682402_53682722_DEL_-320,0.921641
chr12_121918409_121918947_CpG:_47,chr12,napu_chr12_121993972_121994023_DEL_-51,1.0
chr12_122124169_122124459_CpG:_23,chr12,napu_chr12_122124298_122124414_DEL_-116,0.999352
chr12_124314250_124314678_CpG:_33,chr12,napu_chr12_124339599_124339731_DEL_-132,0.730429
chr12_130641303_130641514_CpG:_20,chr12,napu_chr12_130641292_130641292_INS_887,0.98224
chr12_131432941_131434262_CpG:_116,chr12,napu_chr12_131443935_131444042_DEL_-107,0.986519
chr12_132134652_132136415_CpG:_140,chr12,napu_chr12_132133851_132135004_DEL_-1153,0.999999
chr12_132154401_132154607_CpG:_15,chr12,napu_chr12_132154485_132154485_INS_73,0.99907
chr13_19560126_19560345_CpG:_17,chr13,napu_chr13_19779791_19779877_DEL_-86,0.88189
chr13_19561259_19561901_CpG:_53,chr13,napu_chr13_19832900_19832900_INS_311,1.0
chr13_21319017_21319466_CpG:_46,chr13,napu_chr13_21289970_21290030_DEL_-60,0.922293
chr13_22848548_22848757_CpG:_22,chr13,napu_chr13_22859003_22859003_INS_189,0.993808
chr13_43968332_43968757_CpG:_54,chr13,napu_chr13_43977633_43977633_INS_416,1.0
chr13_46437967_46438305_CpG:_35,chr13,napu_chr13_46460549_46460549_INS_80,0.99994
chr13_52599893_52600539_CpG:_68,chr13,napu_chr13_52707298_52707410_DEL_-112,0.652899
chr13_113051186_113051464_CpG:_25,chr13,napu_chr13_113069288_113069419_DEL_-131,0.999582
chr13_113067206_113067893_CpG:_43,chr13,napu_chr13_113054461_113054844_DEL_-383,0.616703
chr13_113510903_113511147_CpG:_18,chr13,napu_chr13_113510987_113510987_INS_116,0.999998
chr13_113974174_113974478_CpG:_27,chr13,napu_chr13_113961472_113961472_INS_315,0.535889
chr13_114038140_114038376_CpG:_24,chr13,napu_chr13_113984116_113984116_INS_57,0.449368
chr13_114111024_114111626_CpG:_40,chr13,napu_chr13_114119552_114119690_DEL_-138,0.949887
chr13_114198625_114200365_CpG:_268,chr13,napu_chr13_114113567_114113567_INS_1791,0.704167
chr14_55411584_55411963_CpG:_41,chr14,napu_chr14_55717979_55717979_INS_60,0.804659
chr14_59463916_59465533_CpG:_189,chr14,napu_chr14_59416759_59417329_DEL_-570,0.997053
chr14_64601650_64601950_CpG:_37,chr14,napu_chr14_64671120_64671213_DEL_-93,0.903234
chr14_67411817_67412450_CpG:_67,chr14,napu_chr14_66629105_66629173_DEL_-68,0.76894
chr14_69547826_69548276_CpG:_41,chr14,napu_chr14_69550275_69555769_DEL_-5494,0.999699
chr14_77270390_77271429_CpG:_116,chr14,napu_chr14_77269660_77269727_DEL_-67,0.957725
chr14_91835857_91836448_CpG:_57,chr14,napu_chr14_91836577_91836577_INS_100,0.983263
chr14_101229937_101230167_CpG:_27,chr14,napu_chr14_101246229_101246229_INS_326,0.994365
chr14_103084108_103084582_CpG:_56,chr14,napu_chr14_103076992_103077125_DEL_-133,0.798096
chr14_104085529_104086141_CpG:_66,chr14,napu_chr14_104085404_104085404_INS_278,1.0
chr14_104827223_104827542_CpG:_24,chr14,napu_chr14_104826837_104827023_DEL_-186,0.998904
chr14_105033465_105033684_CpG:_44,chr14,napu_chr14_105039960_105040708_DEL_-748,1.0
chr14_105112700_105113039_CpG:_41,chr14,napu_chr14_105111122_105111446_DEL_-324,0.995846
chr14_105271822_105272327_CpG:_47,chr14,napu_chr14_105271852_105272212_DEL_-360,0.978186
chr14_105559196_105559453_CpG:_22,chr14,napu_chr14_105559747_105559747_INS_401,0.999789
chr15_20294622_20295605_CpG:_100,chr15,napu_chr15_20082947_20082947_INS_312,0.906147
chr15_39976380_39976860_CpG:_50,chr15,napu_chr15_40037621_40037704_DEL_-83,1.0
chr15_66039752_66040015_CpG:_32,chr15,napu_chr15_66039746_66039916_DEL_-170,0.999694
chr15_67823277_67830237_CpG:_534,chr15,napu_chr15_67609495_67609645_DEL_-150,0.766817
chr15_78619904_78621274_CpG:_129,chr15,napu_chr15_78644313_78644313_INS_318,0.917358
chr15_78759344_78759570_CpG:_24,chr15,napu_chr15_78791921_78792013_DEL_-92,1.0
chr15_81118374_81118726_CpG:_41,chr15,napu_chr15_81100244_81100244_INS_314,0.951586
chr15_82680087_82681113_CpG:_82,chr15,napu_chr15_82309523_82309523_INS_364,0.609992
chr15_89496233_89496753_CpG:_50,chr15,napu_chr15_89474796_89474848_DEL_-52,0.995712
chr15_90665088_90665795_CpG:_72,chr15,napu_chr15_90647250_90647250_INS_112,0.982782
chr15_90819215_90819428_CpG:_19,chr15,napu_chr15_90819208_90819208_INS_185,0.997532
chr15_96366586_96366801_CpG:_18,chr15,napu_chr15_97226988_97226988_INS_322,0.536355
chr15_100554315_100559288_CpG:_437,chr15,napu_chr15_100554402_100558162_DEL_-3760,0.992232
chr16_22843_23151_CpG:_29,chr16,napu_chr16_30694_30694_INS_76,0.919634
chr16_231089_231317_CpG:_18,chr16,napu_chr16_159985_159985_INS_685,0.576833
chr16_369860_370736_CpG:_74,chr16,napu_chr16_370264_370264_INS_373,1.0
chr16_583867_584143_CpG:_19,chr16,napu_chr16_584944_585100_DEL_-156,0.967542
chr16_767352_768051_CpG:_66,chr16,napu_chr16_767532_767532_INS_732,0.959292
chr16_1010490_1010799_CpG:_22,chr16,napu_chr16_1039116_1039116_INS_118,0.999803
chr16_1038437_1038780_CpG:_29,chr16,napu_chr16_1005079_1005079_INS_87,0.997074
chr16_1204801_1205081_CpG:_22,chr16,napu_chr16_1204864_1204989_DEL_-125,0.689102
chr16_1215151_1215661_CpG:_40,chr16,napu_chr16_914488_914488_INS_3886,0.915381
chr16_1871896_1872425_CpG:_68,chr16,napu_chr16_1871894_1871894_INS_3846,1.0
chr16_2090586_2092169_CpG:_161,chr16,napu_chr16_2091243_2091293_DEL_-50,0.999322
chr16_2622791_2623056_CpG:_24,chr16,napu_chr16_2668492_2668542_DEL_-50,0.981879
chr16_3192622_3192912_CpG:_28,chr16,napu_chr16_3142260_3142260_INS_85,0.593979
chr16_11493763_11494096_CpG:_31,chr16,napu_chr16_11493957_11494116_DEL_-159,1.0
chr16_14925797_14926789_CpG:_73,chr16,napu_chr16_15312238_15312296_DEL_-58,0.864206
chr16_19410494_19411176_CpG:_59,chr16,napu_chr16_19349382_19349459_DEL_-77,0.831973
chr16_22536096_22536341_CpG:_26,chr16,napu_chr16_22520675_22520858_DEL_-183,0.948852
chr16_28367809_28368653_CpG:_76,chr16,napu_chr16_28350773_28351525_DEL_-752,0.999435
chr16_35506441_35506991_CpG:_39,chr16,napu_chr16_35157740_35523366_INV_365626,0.736672
chr16_36101151_36102713_CpG:_158,chr16,napu_chr16_36094467_36094467_INS_107,0.868258
chr16_67399225_67399651_CpG:_40,chr16,napu_chr16_67219762_67220078_DEL_-316,0.685215
chr16_69965134_69965874_CpG:_77,chr16,napu_chr16_69944770_69944859_DEL_-89,0.9979
chr16_86836256_86836539_CpG:_22,chr16,napu_chr16_86836390_86836455_DEL_-65,0.993422
chr16_88019167_88019734_CpG:_55,chr16,napu_chr16_87998562_87998612_DEL_-50,0.999996
chr16_88558398_88558640_CpG:_29,chr16,napu_chr16_88558410_88558469_DEL_-59,0.988756
chr16_88737394_88737704_CpG:_31,chr16,napu_chr16_88729573_88729573_INS_337,0.990509
chr16_88754709_88755232_CpG:_41,chr16,napu_chr16_88728486_88728741_DEL_-255,0.964045
chr16_89522408_89522650_CpG:_27,chr16,napu_chr16_89454734_89454800_DEL_-66,0.490246
chr16_90082075_90082385_CpG:_33,chr16,napu_chr16_90113290_90113290_INS_112,0.784554
chr17_502957_503262_CpG:_29,chr17,napu_chr17_509871_509871_INS_387,0.655321
chr17_751786_753467_CpG:_173,chr17,napu_chr17_617850_617901_DEL_-51,0.575547
chr17_3386068_3386778_CpG:_81,chr17,napu_chr17_3383939_3383994_DEL_-55,1.0
chr17_4898970_4902107_CpG:_238,chr17,napu_chr17_4910153_4910153_INS_147,0.901341
chr17_5115755_5116584_CpG:_83,chr17,napu_chr17_5116259_5116259_INS_503,1.0
chr17_6654902_6655122_CpG:_23,chr17,napu_chr17_6593285_6593285_INS_176,0.999448
chr17_6655993_6657484_CpG:_104,chr17,napu_chr17_6593285_6593285_INS_176,0.988771
chr17_6995501_6997108_CpG:_131,chr17,napu_chr17_6971413_6971715_DEL_-302,0.927813
chr17_15749220_15749824_CpG:_55,chr17,napu_chr17_15868238_15868755_DEL_-517,1.0
chr17_16666624_16667221_CpG:_57,chr17,napu_chr17_16602135_16602982_DEL_-847,1.0
chr17_18118861_18121554_CpG:_275,chr17,napu_chr17_18074921_18074921_INS_320,0.999958
chr17_19724564_19724985_CpG:_46,chr17,napu_chr17_19668597_19669007_DEL_-410,0.856457
chr17_28384364_28385292_CpG:_78,chr17,napu_chr17_28371179_28372024_DEL_-845,0.509102
chr17_32495899_32496192_CpG:_22,chr17,napu_chr17_32318458_32318458_INS_186,0.994039
chr17_39637012_39637469_CpG:_58,chr17,napu_chr17_39735372_39735372_INS_338,0.925284
chr17_42107503_42107959_CpG:_34,chr17,napu_chr17_42106635_42106635_INS_110,0.999999
chr17_45405762_45406088_CpG:_29,chr17,napu_chr17_46099028_46099351_DEL_-323,0.209353
chr17_45429462_45433014_CpG:_299,chr17,napu_chr17_46146541_46146855_DEL_-314,0.2016
chr17_45584665_45586441_CpG:_144,chr17,napu_chr17_45969567_45969669_DEL_-102,0.25
chr17_46260035_46260560_CpG:_51,chr17,napu_chr17_45969567_45969669_DEL_-102,0.206744
chr17_46770942_46772546_CpG:_180,chr17,napu_chr17_46238216_46238216_INS_173,0.342355
chr17_63437391_63438025_CpG:_51,chr17,napu_chr17_62996974_62996974_INS_192,1.0
chr17_75558743_75559026_CpG:_21,chr17,napu_chr17_75558830_75558909_DEL_-79,1.0
chr17_81158079_81158284_CpG:_18,chr17,napu_chr17_81154539_81154860_DEL_-321,0.913566
chr17_81487708_81488797_CpG:_128,chr17,napu_chr17_81487834_81488146_DEL_-312,0.736485
chr17_81498789_81499599_CpG:_68,chr17,napu_chr17_81487834_81488146_DEL_-312,0.652374
chr18_48911_49655_CpG:_58,chr18,napu_chr18_49149_49149_INS_102,0.998984
chr18_712232_713086_CpG:_106,chr18,napu_chr18_712349_712349_INS_179,1.0
chr18_11947828_11948156_CpG:_26,chr18,napu_chr18_11940309_11940309_INS_76,0.990031
chr18_12777497_12778114_CpG:_56,chr18,napu_chr18_12851183_12851512_DEL_-329,0.866546
chr18_56651225_56651554_CpG:_30,chr18,napu_chr18_55799930_55800243_DEL_-313,0.963593
chr18_74290906_74292535_CpG:_151,chr18,napu_chr18_74291386_74291469_DEL_-83,0.817622
chr18_76401540_76401861_CpG:_25,chr18,napu_chr18_76423584_76423649_DEL_-65,0.620271
chr18_78238674_78239123_CpG:_43,chr18,napu_chr18_78237283_78237615_DEL_-332,0.999996
chr18_79549695_79552226_CpG:_190,chr18,napu_chr18_79549941_79552081_DEL_-2140,1.0
chr18_79555951_79556153_CpG:_18,chr18,napu_chr18_79549941_79552081_DEL_-2140,1.0
chr18_79878263_79878517_CpG:_23,chr18,napu_chr18_79918630_79919845_DEL_-1215,0.748954
chr19_310258_310582_CpG:_26,chr19,napu_chr19_300012_301032_DEL_-1020,0.999791
chr19_387964_388350_CpG:_34,chr19,napu_chr19_388065_388065_INS_408,1.0
chr19_401970_402280_CpG:_25,chr19,napu_chr19_399709_400387_DEL_-678,0.94253
chr19_453728_453971_CpG:_18,chr19,napu_chr19_452366_452432_DEL_-66,1.0
chr19_457800_461273_CpG:_292,chr19,napu_chr19_456834_456834_INS_608,0.410787
chr19_468706_468950_CpG:_17,chr19,napu_chr19_468805_468884_DEL_-79,0.999532
chr19_488554_490011_CpG:_140,chr19,napu_chr19_491881_491881_INS_59,0.989949
chr19_496158_496481_CpG:_26,chr19,napu_chr19_492842_492978_DEL_-136,0.899862
chr19_524156_524369_CpG:_17,chr19,napu_chr19_523207_523598_DEL_-391,0.989371
chr19_639150_639413_CpG:_22,chr19,napu_chr19_620925_620987_DEL_-62,0.947015
chr19_667289_667543_CpG:_23,chr19,napu_chr19_667295_667450_DEL_-155,0.983648
chr19_843468_844593_CpG:_104,chr19,napu_chr19_837859_838174_DEL_-315,0.995669
chr19_996075_996680_CpG:_56,chr19,napu_chr19_989026_989093_DEL_-67,0.991194
chr19_2250561_2253960_CpG:_338,chr19,napu_chr19_2131405_2131405_INS_54,0.967281
chr19_2428351_2428733_CpG:_28,chr19,napu_chr19_2432925_2432925_INS_209,0.92733
chr19_2650661_2650913_CpG:_18,chr19,napu_chr19_2651198_2651252_DEL_-54,0.983946
chr19_3937325_3937969_CpG:_44,chr19,napu_chr19_3945041_3945041_INS_330,0.896287
chr19_7680604_7682828_CpG:_197,chr19,napu_chr19_7688879_7688943_DEL_-64,0.998194
chr19_7730038_7731524_CpG:_129,chr19,napu_chr19_7739125_7739125_INS_317,0.994064
chr19_8697463_8698444_CpG:_79,chr19,napu_chr19_8706830_8706830_INS_377,0.995793
chr19_12513459_12513663_CpG:_26,chr19,napu_chr19_12445919_12447502_DEL_-1583,0.989732
chr19_13764230_13765137_CpG:_87,chr19,napu_chr19_13764287_13764287_INS_166,1.0
chr19_15760254_15760508_CpG:_23,chr19,napu_chr19_15812559_15812559_INS_69,0.999165
chr19_18149489_18149715_CpG:_21,chr19,napu_chr19_18131348_18131668_DEL_-320,0.997756
chr19_21463526_21463734_CpG:_18,chr19,napu_chr19_21383385_21383469_DEL_-84,0.999998
chr19_21677990_21678214_CpG:_22,chr19,napu_chr19_21567928_21568911_DEL_-983,1.0
chr19_21940850_21941084_CpG:_23,chr19,napu_chr19_22107155_22107155_INS_223,0.775474
chr19_22893803_22894218_CpG:_40,chr19,napu_chr19_22895243_22895294_DEL_-51,0.982414
chr19_28727094_28727826_CpG:_67,chr19,napu_chr19_28732920_28732920_INS_603,1.0
chr19_34905034_34905572_CpG:_50,chr19,napu_chr19_34922338_34922338_INS_77,0.572384
chr19_35533280_35533901_CpG:_43,chr19,napu_chr19_35527667_35527721_DEL_-54,0.999999
chr19_36151425_36152683_CpG:_85,chr19,napu_chr19_36480622_36480622_INS_313,0.814825
chr19_36775692_36776125_CpG:_47,chr19,napu_chr19_36480622_36480622_INS_313,0.9983
chr19_36972828_36973704_CpG:_64,chr19,napu_chr19_36969832_36970383_DEL_-551,0.998919
chr19_37303368_37303672_CpG:_25,chr19,napu_chr19_37768854_37768854_INS_106,0.674708
chr19_37403441_37403963_CpG:_41,chr19,napu_chr19_36972540_36972608_DEL_-68,0.800124
chr19_37855168_37855520_CpG:_36,chr19,napu_chr19_37850681_37854823_DEL_-4142,0.915534
chr19_39098916_39099208_CpG:_25,chr19,napu_chr19_39097776_39098099_DEL_-323,0.999998
chr19_39915152_39915864_CpG:_74,chr19,napu_chr19_40120743_40120819_DEL_-76,0.99991
chr19_40609539_40609861_CpG:_32,chr19,napu_chr19_40647904_40647904_INS_107,0.977101
chr19_41025899_41026146_CpG:_26,chr19,napu_chr19_40967452_40967452_INS_147,0.999995
chr19_41135402_41136177_CpG:_69,chr19,napu_chr19_41102882_41102882_INS_1311,0.889138
chr19_43935048_43935460_CpG:_35,chr19,napu_chr19_44564080_44564080_INS_80,0.864767
chr19_45767441_45771706_CpG:_371,chr19,napu_chr19_45775394_45776370_DEL_-976,0.999996
chr19_48837231_48837517_CpG:_26,chr19,napu_chr19_48856312_48856448_DEL_-136,0.87268
chr19_49166018_49166295_CpG:_24,chr19,napu_chr19_49172846_49172846_INS_64,0.957508
chr19_49196441_49196813_CpG:_40,chr19,napu_chr19_49172846_49172846_INS_64,0.922296
chr19_49701325_49701746_CpG:_32,chr19,napu_chr19_49700917_49700917_INS_132,0.917142
chr19_49889812_49890741_CpG:_112,chr19,napu_chr19_49875293_49875365_DEL_-72,0.991797
chr19_50162890_50163257_CpG:_30,chr19,napu_chr19_50093143_50095419_DEL_-2276,0.999997
chr19_50606063_50606380_CpG:_40,chr19,napu_chr19_50603779_50605672_DEL_-1893,1.0
chr19_50908387_50908748_CpG:_26,chr19,napu_chr19_50903499_50905075_DEL_-1576,0.953847
chr19_51271174_51271440_CpG:_23,chr19,napu_chr19_51273136_51273447_DEL_-311,1.0
chr19_52585073_52585407_CpG:_26,chr19,napu_chr19_52580858_52580993_DEL_-135,1.0
chr19_54982538_54982751_CpG:_15,chr19,napu_chr19_54965640_54965640_INS_1382,0.991322
chr19_54982861_54983167_CpG:_30,chr19,napu_chr19_54965640_54965640_INS_1382,1.0
chr19_58044430_58045246_CpG:_72,chr19,napu_chr19_58056567_58056691_DEL_-124,0.999999
chr19_58059025_58060411_CpG:_116,chr19,napu_chr19_58056567_58056691_DEL_-124,0.966506
chr19_58117942_58118874_CpG:_89,chr19,napu_chr19_58106402_58106733_DEL_-331,0.955067
chr19_58396086_58397055_CpG:_126,chr19,napu_chr19_58410540_58410778_DEL_-238,0.911085
chr2_868244_869405_CpG:_150,chr2,napu_chr2_849475_849475_INS_319,0.499231
chr2_3284103_3284457_CpG:_29,chr2,napu_chr2_3437127_3437127_INS_2379,0.999864
chr2_3285655_3285960_CpG:_32,chr2,napu_chr2_3284857_3285417_DEL_-560,0.525138
chr2_3287336_3287732_CpG:_29,chr2,napu_chr2_3287814_3287814_INS_67,0.567317
chr2_7032165_7032381_CpG:_19,chr2,napu_chr2_7032179_7032179_INS_133,0.887813
chr2_9555393_9556477_CpG:_97,chr2,napu_chr2_9400189_9400189_INS_174,0.909985
chr2_26178826_26179150_CpG:_33,chr2,napu_chr2_26251066_26251066_INS_330,1.0
chr2_42792525_42793369_CpG:_87,chr2,napu_chr2_42796927_42796927_INS_312,0.999908
chr2_46542332_46543649_CpG:_155,chr2,napu_chr2_47255631_47255631_INS_775,0.902003
chr2_66425736_66427086_CpG:_102,chr2,napu_chr2_66431845_66431845_INS_324,0.999999
chr2_74130447_74130887_CpG:_34,chr2,napu_chr2_74176275_74176275_INS_305,0.973814
chr2_86942050_86943180_CpG:_146,chr2,napu_chr2_86923902_86924528_DEL_-626,1.0
chr2_90323161_90326439_CpG:_380,chr2,napu_chr2_89785593_89785668_DEL_-75,0.903089
chr2_91477061_91479459_CpG:_293,chr2,napu_chr2_91927860_91927927_DEL_-67,0.890738
chr2_91588758_91589916_CpG:_99,chr2,napu_chr2_91927860_91927927_DEL_-67,0.871217
chr2_91839805_91840396_CpG:_63,chr2,napu_chr2_91927860_91927927_DEL_-67,0.918065
chr2_96335691_96336160_CpG:_49,chr2,napu_chr2_96905824_96905824_INS_56,0.788009
chr2_105236674_105236883_CpG:_16,chr2,napu_chr2_105209434_105211969_DEL_-2535,0.950511
chr2_105237036_105237340_CpG:_29,chr2,napu_chr2_105210647_105210820_DEL_-173,0.638063
chr2_106269662_106270282_CpG:_43,chr2,napu_chr2_106263108_106269459_DEL_-6351,1.0
chr2_106465872_106468480_CpG:_320,chr2,napu_chr2_106466596_106466663_DEL_-67,0.996385
chr2_109613329_109615724_CpG:_246,chr2,napu_chr2_109520042_109521176_DEL_-1134,0.499993
chr2_112138215_112140264_CpG:_146,chr2,napu_chr2_112138732_112139186_DEL_-454,0.99272
chr2_113235627_113236498_CpG:_89,chr2,napu_chr2_113255090_113255090_INS_103,0.999807
chr2_113275782_113276040_CpG:_29,chr2,napu_chr2_113255090_113255090_INS_103,0.999513
chr2_127810747_127811490_CpG:_65,chr2,napu_chr2_128792500_128792500_INS_208,0.697659
chr2_128471419_128471659_CpG:_18,chr2,napu_chr2_128470913_128471108_DEL_-195,0.999952
chr2_130213360_130213800_CpG:_60,chr2,napu_chr2_130197356_130199830_DEL_-2474,0.999831
chr2_130228088_130229610_CpG:_142,chr2,napu_chr2_130197356_130199830_DEL_-2474,0.852883
chr2_130251996_130252612_CpG:_40,chr2,napu_chr2_130197356_130199830_DEL_-2474,0.769998
chr2_130288427_130288908_CpG:_47,chr2,napu_chr2_130197356_130199830_DEL_-2474,0.999346
chr2_131353276_131353596_CpG:_41,chr2,napu_chr2_131086781_131087100_DEL_-319,0.857181
chr2_131394576_131394867_CpG:_26,chr2,napu_chr2_131381213_131381213_INS_322,0.89579
chr2_131424754_131425536_CpG:_111,chr2,napu_chr2_131424443_131424879_DEL_-436,0.999988
chr2_131444692_131446187_CpG:_133,chr2,napu_chr2_131424443_131424879_DEL_-436,0.999878
chr2_131801386_131802041_CpG:_71,chr2,napu_chr2_131424443_131424879_DEL_-436,0.925056
chr2_169768174_169768631_CpG:_44,chr2,napu_chr2_169753067_169753155_DEL_-88,0.963372
chr2_208112176_208112497_CpG:_29,chr2,napu_chr2_208143514_208143569_DEL_-55,0.999946
chr2_232875958_232877169_CpG:_138,chr2,napu_chr2_232995146_232995146_INS_52,0.906706
chr2_238231455_238232018_CpG:_47,chr2,napu_chr2_238231711_238231711_INS_84,1.0
chr2_239085934_239086626_CpG:_46,chr2,napu_chr2_239084558_239084558_INS_86,0.672515
chr2_239527380_239528070_CpG:_64,chr2,napu_chr2_239527822_239527884_DEL_-62,0.921
chr2_240672327_240673260_CpG:_95,chr2,napu_chr2_240699786_240699786_INS_236,0.942104
chr2_240700992_240701942_CpG:_88,chr2,napu_chr2_240699786_240699786_INS_236,0.999958
chr2_241355262_241356786_CpG:_155,chr2,napu_chr2_241482969_241483031_DEL_-62,0.998343
chr2_241771222_241771632_CpG:_39,chr2,napu_chr2_241741527_241741629_DEL_-102,0.949123
chr2_241803183_241804343_CpG:_128,chr2,napu_chr2_241757401_241757479_DEL_-78,0.720296
chr2_241843759_241844464_CpG:_77,chr2,napu_chr2_241848246_241848246_INS_293,0.910199
chr2_242046614_242047706_CpG:_170,chr2,napu_chr2_242118475_242118475_INS_51,0.893015
chr20_2820993_2821489_CpG:_53,chr20,napu_chr20_2883355_2883677_DEL_-322,0.848516
chr20_25602409_25603017_CpG:_46,chr20,napu_chr20_25602557_25602939_DEL_-382,0.997542
chr20_30300234_30300532_CpG:_32,chr20,napu_chr20_31244562_31244562_INS_70,0.919921
chr20_30316173_30317179_CpG:_73,chr20,napu_chr20_31244562_31244562_INS_70,0.97945
chr20_30376723_30377681_CpG:_73,chr20,napu_chr20_31244562_31244562_INS_70,0.944543
chr20_30487990_30489950_CpG:_182,chr20,napu_chr20_31470036_31470163_DEL_-127,0.991058
chr20_30585515_30586519_CpG:_80,chr20,napu_chr20_31470036_31470163_DEL_-127,0.984662
chr20_30723549_30723844_CpG:_26,chr20,napu_chr20_31470036_31470163_DEL_-127,0.99526
chr20_30724087_30724425_CpG:_34,chr20,napu_chr20_31470036_31470163_DEL_-127,0.985403
chr20_31632591_31632859_CpG:_24,chr20,napu_chr20_31470036_31470163_DEL_-127,0.99827
chr20_33667005_33668183_CpG:_111,chr20,napu_chr20_33642900_33643459_DEL_-559,0.845619
chr20_35174600_35175168_CpG:_45,chr20,napu_chr20_35149141_35149141_INS_617,0.441071
chr20_35617065_35617347_CpG:_19,chr20,napu_chr20_35850576_35850627_DEL_-51,0.503357
chr20_46011649_46012571_CpG:_63,chr20,napu_chr20_45906708_45907144_DEL_-436,1.0
chr20_46153294_46153554_CpG:_25,chr20,napu_chr20_45906708_45907144_DEL_-436,0.834743
chr20_60087402_60087905_CpG:_80,chr20,napu_chr20_60087441_60087581_DEL_-140,1.0
chr20_61289692_61290013_CpG:_22,chr20,napu_chr20_61289700_61289700_INS_183,0.995039
chr20_61942977_61948820_CpG:_573,chr20,napu_chr20_61951232_61951537_DEL_-305,0.99987
chr20_61965358_61965585_CpG:_18,chr20,napu_chr20_61994637_61994961_DEL_-324,0.910809
chr20_62824987_62825213_CpG:_18,chr20,napu_chr20_62825064_62825064_INS_95,0.999849
chr20_62959464_62959858_CpG:_29,chr20,napu_chr20_62960979_62961054_DEL_-75,0.823691
chr20_63789737_63791031_CpG:_98,chr20,napu_chr20_63777047_63777137_DEL_-90,0.580883
chr20_63919360_63920170_CpG:_72,chr20,napu_chr20_63929589_63929589_INS_179,1.0
chr20_63941983_63942434_CpG:_31,chr20,napu_chr20_63929589_63929589_INS_179,0.959951
chr20_63955566_63956865_CpG:_143,chr20,napu_chr20_63951657_63951657_INS_83,0.712342
chr20_64042439_64043098_CpG:_83,chr20,napu_chr20_64042840_64042840_INS_73,1.0
chr21_29018943_29019437_CpG:_44,chr21,napu_chr21_28673396_28673654_DEL_-258,0.510395
chr21_45456254_45456838_CpG:_49,chr21,napu_chr21_45437321_45437483_DEL_-162,0.538255
chr21_45555563_45556427_CpG:_72,chr21,napu_chr21_45555155_45555155_INS_75,0.899028
chr21_45633140_45634490_CpG:_159,chr21,napu_chr21_45622446_45622446_INS_325,0.991951
chr21_45898595_45898986_CpG:_30,chr21,napu_chr21_45893577_45893577_INS_74,1.0
chr21_45972581_45974622_CpG:_152,chr21,napu_chr21_46010683_46010683_INS_80,0.872624
chr21_46160578_46162151_CpG:_153,chr21,napu_chr21_46169279_46169279_INS_2474,0.956644
chr21_46297313_46298145_CpG:_85,chr21,napu_chr21_46289933_46289933_INS_136,0.489015
chr22_18997986_18998187_CpG:_18,chr22,napu_chr22_18990062_18990127_DEL_-65,0.988068
chr22_22644457_22644743_CpG:_29,chr22,napu_chr22_22644846_22644846_INS_320,0.999471
chr22_23402342_23402911_CpG:_73,chr22,napu_chr22_23428393_23428511_DEL_-118,0.994827
chr22_23856871_23858019_CpG:_98,chr22,napu_chr22_23853746_23856318_DEL_-2572,0.965251
chr22_24251399_24251632_CpG:_24,chr22,napu_chr22_24316820_24317523_DEL_-703,0.948541
chr22_29388180_29388790_CpG:_59,chr22,napu_chr22_29624066_29624175_DEL_-109,0.826705
chr22_31276434_31276828_CpG:_58,chr22,napu_chr22_31226471_31226471_INS_399,1.0
chr22_31399264_31399972_CpG:_69,chr22,napu_chr22_30623743_30623743_INS_80,0.857433
chr22_39388349_39389099_CpG:_60,chr22,napu_chr22_39357598_39357661_DEL_-63,0.999937
chr22_41998585_41999251_CpG:_67,chr22,napu_chr22_42112705_42112705_INS_115,0.999908
chr22_43421191_43421450_CpG:_23,chr22,napu_chr22_43432640_43432640_INS_1112,0.987029
chr22_43834261_43835179_CpG:_115,chr22,napu_chr22_43834297_43834436_DEL_-139,1.0
chr22_46366838_46367073_CpG:_23,chr22,napu_chr22_46365904_46365904_INS_85,1.0
chr22_49449876_49450106_CpG:_26,chr22,napu_chr22_49449875_49449875_INS_333,1.0
chr22_49856512_49856865_CpG:_32,chr22,napu_chr22_49856652_49856747_DEL_-95,0.999837
chr3_10108066_10108382_CpG:_27,chr3,napu_chr3_9940661_9940661_INS_111,0.999999
chr3_41891117_41891336_CpG:_17,chr3,napu_chr3_41776568_41780001_DEL_-3433,1.0
chr3_44581069_44581374_CpG:_51,chr3,napu_chr3_44510749_44510799_DEL_-50,0.916963
chr3_49199215_49199895_CpG:_55,chr3,napu_chr3_49160316_49160639_DEL_-323,0.847969
chr3_75785103_75785610_CpG:_48,chr3,napu_chr3_75768996_75771247_DEL_-2251,0.985961
chr3_98657472_98657698_CpG:_24,chr3,napu_chr3_98656217_98656217_INS_332,0.999999
chr3_105353685_105354118_CpG:_32,chr3,napu_chr3_105337458_105337523_DEL_-65,0.999904
chr3_125766375_125767117_CpG:_82,chr3,napu_chr3_125770561_125770870_DEL_-309,0.997675
chr3_127337993_127338453_CpG:_47,chr3,napu_chr3_127308884_127309034_DEL_-150,0.990646
chr3_133783717_133784119_CpG:_35,chr3,napu_chr3_133784922_133786238_DEL_-1316,1.0
chr3_139043847_139045271_CpG:_124,chr3,napu_chr3_139114387_139114387_INS_398,0.863542
chr3_139677496_139678028_CpG:_53,chr3,napu_chr3_139707026_139707084_DEL_-58,0.859662
chr3_147424394_147424604_CpG:_18,chr3,napu_chr3_147726655_147728358_DEL_-1703,0.732855
chr3_156816050_156817342_CpG:_116,chr3,napu_chr3_156911149_156911212_DEL_-63,0.952327
chr3_195634948_195635708_CpG:_95,chr3,napu_chr3_195752569_195752624_DEL_-55,0.82219
chr3_197456533_197456853_CpG:_33,chr3,napu_chr3_197458473_197459061_DEL_-588,0.987848
chr3_198104935_198105889_CpG:_61,chr3,napu_chr3_198104485_198105082_DEL_-597,0.996213
chr4_574724_576699_CpG:_249,chr4,napu_chr4_519671_519783_DEL_-112,0.900459
chr4_926818_927850_CpG:_88,chr4,napu_chr4_926842_926842_INS_537,0.673635
chr4_1050646_1051085_CpG:_36,chr4,napu_chr4_1070461_1070567_DEL_-106,1.0
chr4_1309702_1310047_CpG:_26,chr4,napu_chr4_1308028_1308028_INS_318,0.948632
chr4_1512457_1512793_CpG:_27,chr4,napu_chr4_1520481_1520768_DEL_-287,0.999807
chr4_1519976_1521554_CpG:_149,chr4,napu_chr4_1497042_1497042_INS_173,0.972104
chr4_2399780_2400032_CpG:_18,chr4,napu_chr4_2398691_2398768_DEL_-77,0.97761
chr4_3316850_3317401_CpG:_43,chr4,napu_chr4_3341193_3341193_INS_68,0.866948
chr4_6105403_6105910_CpG:_58,chr4,napu_chr4_6125902_6125902_INS_57,0.999989
chr4_9474375_9474651_CpG:_23,chr4,napu_chr4_9449340_9449340_INS_138,0.959233
chr4_10018857_10019402_CpG:_49,chr4,napu_chr4_9950666_9950916_DEL_-250,0.991394
chr4_26359550_26359789_CpG:_31,chr4,napu_chr4_26436995_26436995_INS_319,0.999362
chr4_55157583_55157899_CpG:_32,chr4,napu_chr4_55132387_55132721_DEL_-334,1.0
chr4_182806396_182807200_CpG:_64,chr4,napu_chr4_182815220_182815341_DEL_-121,0.993396
chr4_186204182_186204458_CpG:_39,chr4,napu_chr4_186204290_186204290_INS_63,0.696702
chr4_189363823_189364380_CpG:_62,chr4,napu_chr4_189381258_189381527_DEL_-269,0.990622
chr4_189810492_189811043_CpG:_66,chr4,napu_chr4_189834593_189835785_DEL_-1192,0.63307
chr4_189984078_189984969_CpG:_73,chr4,napu_chr4_189980726_189980726_INS_166,1.0
chr4_190037889_190038856_CpG:_72,chr4,napu_chr4_190048837_190048898_DEL_-61,0.891585
chr5_191677_192429_CpG:_67,chr5,napu_chr5_343248_343392_DEL_-144,0.797802
chr5_391317_392522_CpG:_127,chr5,napu_chr5_370064_370064_INS_138,0.747825
chr5_481524_482110_CpG:_40,chr5,napu_chr5_468052_468235_DEL_-183,0.989115
chr5_561711_565852_CpG:_424,chr5,napu_chr5_554747_554747_INS_1097,0.92065
chr5_690965_691261_CpG:_24,chr5,napu_chr5_679394_679394_INS_50,0.948595
chr5_1594123_1594912_CpG:_89,chr5,napu_chr5_1627031_1628722_DEL_-1691,0.989457
chr5_1663615_1664225_CpG:_67,chr5,napu_chr5_1662959_1663140_DEL_-181,0.995067
chr5_1930640_1931872_CpG:_110,chr5,napu_chr5_1924476_1925088_DEL_-612,0.990597
chr5_10638883_10640132_CpG:_218,chr5,napu_chr5_10634868_10634868_INS_321,0.999995
chr5_25190394_25191004_CpG:_68,chr5,napu_chr5_25275286_25275611_DEL_-325,0.555468
chr5_28927498_28928530_CpG:_93,chr5,napu_chr5_28818394_28818394_INS_55,0.997915
chr5_75236801_75237074_CpG:_41,chr5,napu_chr5_76170754_76173076_DEL_-2322,0.830192
chr5_131945214_131945747_CpG:_44,chr5,napu_chr5_131785011_131785113_DEL_-102,0.999652
chr5_134632524_134633032_CpG:_42,chr5,napu_chr5_134427215_134427215_INS_308,0.873869
chr5_139378125_139378651_CpG:_44,chr5,napu_chr5_139398761_139399055_DEL_-294,1.0
chr5_140672474_140673796_CpG:_111,chr5,napu_chr5_140761815_140761907_DEL_-92,0.999999
chr5_140807207_140807683_CpG:_40,chr5,napu_chr5_140761815_140761907_DEL_-92,0.997762
chr5_140882299_140882568_CpG:_22,chr5,napu_chr5_140761815_140761907_DEL_-92,0.689746
chr5_144598666_144598921_CpG:_20,chr5,napu_chr5_144491660_144492100_DEL_-440,0.791565
chr5_154647258_154647697_CpG:_32,chr5,napu_chr5_154657245_154657245_INS_336,0.99999
chr5_167858534_167858862_CpG:_39,chr5,napu_chr5_167748594_167748594_INS_338,0.867666
chr5_174724475_174725361_CpG:_97,chr5,napu_chr5_174743292_174743292_INS_1484,0.958393
chr5_174735363_174735840_CpG:_49,chr5,napu_chr5_174743292_174743292_INS_1484,0.999984
chr5_174751100_174751925_CpG:_92,chr5,napu_chr5_174743292_174743292_INS_1484,0.999916
chr5_176060564_176061847_CpG:_111,chr5,napu_chr5_176061481_176061481_INS_127,0.996799
chr5_177939301_177939972_CpG:_68,chr5,napu_chr5_177951532_177951532_INS_50,0.962736
chr5_177985533_177986021_CpG:_40,chr5,napu_chr5_177984776_177985467_DEL_-691,0.999033
chr5_178187101_178187459_CpG:_32,chr5,napu_chr5_178179078_178179383_DEL_-305,0.98378
chr5_178729128_178729554_CpG:_42,chr5,napu_chr5_178682060_178686410_DEL_-4350,1.0
chr5_178986295_178986730_CpG:_35,chr5,napu_chr5_179001504_179001560_DEL_-56,0.898475
chr5_180161400_180161773_CpG:_33,chr5,napu_chr5_180190427_180190605_DEL_-178,0.999999
chr5_180313710_180314121_CpG:_43,chr5,napu_chr5_180299944_180299944_INS_281,1.0
chr5_181100368_181101782_CpG:_125,chr5,napu_chr5_181098311_181098516_DEL_-205,1.0
chr5_181114651_181114898_CpG:_24,chr5,napu_chr5_181098311_181098516_DEL_-205,0.993036
chr6_28616157_28616512_CpG:_36,chr6,napu_chr6_28430040_28430040_INS_53,0.448599
chr6_29827776_29828817_CpG:_96,chr6,napu_chr6_29847206_29847454_DEL_-248,0.633168
chr6_29850308_29850564_CpG:_20,chr6,napu_chr6_29935918_29935918_INS_132,0.674069
chr6_29926363_29927340_CpG:_86,chr6,napu_chr6_29851079_29851079_INS_321,0.990507
chr6_29956424_29956756_CpG:_25,chr6,napu_chr6_29717692_29720303_DEL_-2611,0.972573
chr6_30006443_30007592_CpG:_102,chr6,napu_chr6_30030704_30030704_INS_1061,0.995315
chr6_30103448_30103651_CpG:_15,chr6,napu_chr6_30746541_30746541_INS_130,0.914155
chr6_30463785_30464548_CpG:_60,chr6,napu_chr6_30468507_30468573_DEL_-66,0.999975
chr6_30955431_30955786_CpG:_30,chr6,napu_chr6_30468507_30468573_DEL_-66,0.845372
chr6_32664381_32665250_CpG:_73,chr6,napu_chr6_32696463_32696463_INS_57,0.999377
chr6_33593115_33593412_CpG:_34,chr6,napu_chr6_33615420_33618067_DEL_-2647,0.919117
chr6_36387500_36388239_CpG:_61,chr6,napu_chr6_36586717_36586717_INS_332,0.990773
chr6_37753721_37753929_CpG:_18,chr6,napu_chr6_38166007_38166070_DEL_-63,0.924284
chr6_78910613_78911000_CpG:_44,chr6,napu_chr6_78811366_78820968_DEL_-9602,0.953568
chr6_136360612_136361135_CpG:_42,chr6,napu_chr6_136559358_136559413_DEL_-55,0.591015
chr6_149450700_149451719_CpG:_124,chr6,napu_chr6_149443100_149443430_DEL_-330,0.404148
chr6_150004875_150005666_CpG:_68,chr6,napu_chr6_149983736_149983736_INS_876,0.999901
chr6_167552102_167552306_CpG:_14,chr6,napu_chr6_167552215_167552268_DEL_-53,0.999545
chr6_168035155_168035517_CpG:_39,chr6,napu_chr6_168044214_168044214_INS_81,0.985275
chr6_168517916_168518222_CpG:_29,chr6,napu_chr6_168391421_168391421_INS_276,0.860514
chr6_170175638_170177453_CpG:_132,chr6,napu_chr6_170154445_170154445_INS_138,0.708659
chr6_170376918_170377915_CpG:_77,chr6,napu_chr6_170443069_170443162_DEL_-93,0.93499
chr7_159773_160039_CpG:_29,chr7,napu_chr7_161146_161146_INS_67,1.0
chr7_296783_297349_CpG:_45,chr7,napu_chr7_296846_296906_DEL_-60,0.941363
chr7_493825_494472_CpG:_65,chr7,napu_chr7_478796_478796_INS_296,0.991401
chr7_571227_571440_CpG:_17,chr7,napu_chr7_942256_942256_INS_296,0.949317
chr7_711151_711600_CpG:_33,chr7,napu_chr7_752354_752354_INS_494,0.958106
chr7_908657_909531_CpG:_94,chr7,napu_chr7_746398_746448_DEL_-50,0.997779
chr7_1041199_1041433_CpG:_27,chr7,napu_chr7_1036677_1040196_DEL_-3519,0.499996
chr7_1059398_1060059_CpG:_52,chr7,napu_chr7_1078921_1078921_INS_59,0.979088
chr7_1159329_1160583_CpG:_113,chr7,napu_chr7_1159616_1159816_DEL_-200,1.0
chr7_27095723_27097117_CpG:_116,chr7,napu_chr7_26097377_26105875_DEL_-8498,0.811581
chr7_29563493_29563712_CpG:_17,chr7,napu_chr7_29525749_29525803_DEL_-54,0.954548
chr7_32761872_32762360_CpG:_40,chr7,napu_chr7_32786840_32786912_DEL_-72,0.413976
chr7_48847913_48848222_CpG:_30,chr7,napu_chr7_48848787_48848848_DEL_-61,0.984573
chr7_55344272_55345303_CpG:_99,chr7,napu_chr7_55301525_55301525_INS_318,0.999994
chr7_56368594_56368866_CpG:_21,chr7,napu_chr7_55721956_55722110_DEL_-154,0.919565
chr7_58086424_58088173_CpG:_167,chr7,napu_chr7_57748931_57748931_INS_98,0.917672
chr7_60955461_60957545_CpG:_195,chr7,napu_chr7_61272034_61272239_DEL_-205,0.473781
chr7_60991773_60992708_CpG:_109,chr7,napu_chr7_61272034_61272239_DEL_-205,0.350779
chr7_64100041_64100498_CpG:_51,chr7,napu_chr7_64357844_64357844_INS_100,0.945081
chr7_64464022_64464363_CpG:_24,chr7,napu_chr7_64339636_64339776_DEL_-140,0.980125
chr7_64882278_64882725_CpG:_35,chr7,napu_chr7_65283239_65283614_DEL_-375,0.840991
chr7_64883019_64883438_CpG:_30,chr7,napu_chr7_65283239_65283614_DEL_-375,0.827306
chr7_64889046_64889773_CpG:_64,chr7,napu_chr7_64943258_64943258_INS_142,0.755868
chr7_65081030_65081374_CpG:_30,chr7,napu_chr7_64953004_64953656_DEL_-652,0.985722
chr7_65554303_65555279_CpG:_102,chr7,napu_chr7_64953004_64953656_DEL_-652,0.998296
chr7_65764383_65764761_CpG:_36,chr7,napu_chr7_66613316_66613316_INS_330,0.970035
chr7_66505035_66506434_CpG:_115,chr7,napu_chr7_66392656_66395117_DEL_-2461,0.967942
chr7_73769049_73770785_CpG:_141,chr7,napu_chr7_73775866_73776218_DEL_-352,1.0
chr7_76150310_76150704_CpG:_39,chr7,napu_chr7_76034993_76035218_DEL_-225,0.507027
chr7_76400330_76400565_CpG:_22,chr7,napu_chr7_76541944_76542006_DEL_-62,0.460236
chr7_95324457_95324659_CpG:_19,chr7,napu_chr7_95149737_95149737_INS_326,0.843192
chr7_97020909_97022239_CpG:_102,chr7,napu_chr7_97782808_97783239_DEL_-431,0.82457
chr7_100177110_100177960_CpG:_74,chr7,napu_chr7_100172647_100172647_INS_60,0.899784
chr7_101362618_101364162_CpG:_153,chr7,napu_chr7_101357968_101360514_DEL_-2546,0.574139
chr7_102592880_102593127_CpG:_20,chr7,napu_chr7_102588790_102591959_DEL_-3169,0.957243
chr7_118214074_118214667_CpG:_43,chr7,napu_chr7_118253896_118254198_DEL_-302,1.0
chr7_129126281_129127928_CpG:_133,chr7,napu_chr7_129090833_129090900_DEL_-67,0.997953
chr7_156154149_156155960_CpG:_141,chr7,napu_chr7_156154218_156154218_INS_668,0.956448
chr7_157418866_157419111_CpG:_17,chr7,napu_chr7_157438053_157438153_DEL_-100,0.96353
chr7_157826164_157826610_CpG:_64,chr7,napu_chr7_158667176_158667550_DEL_-374,0.947476
chr7_158144922_158145149_CpG:_18,chr7,napu_chr7_158163679_158163679_INS_194,0.549418
chr7_158158562_158159108_CpG:_35,chr7,napu_chr7_158163679_158163679_INS_194,0.407357
chr7_158164219_158164581_CpG:_46,chr7,napu_chr7_158158478_158158817_DEL_-339,0.958886
chr7_158586636_158588529_CpG:_212,chr7,napu_chr7_158461982_158461982_INS_130,0.931673
chr7_158803753_158804560_CpG:_94,chr7,napu_chr7_158782355_158782355_INS_52,0.997277
chr8_649904_650309_CpG:_45,chr8,napu_chr8_644400_649414_DEL_-5014,1.0
chr8_650428_650638_CpG:_15,chr8,napu_chr8_644400_649414_DEL_-5014,1.0
chr8_675114_676802_CpG:_248,chr8,napu_chr8_679828_679828_INS_210,0.955435
chr8_687393_688251_CpG:_87,chr8,napu_chr8_688287_688287_INS_354,0.553681
chr8_1417008_1417337_CpG:_24,chr8,napu_chr8_1409115_1409165_DEL_-50,1.0
chr8_1456718_1456928_CpG:_15,chr8,napu_chr8_1419324_1419441_DEL_-117,0.956905
chr8_1816162_1817312_CpG:_99,chr8,napu_chr8_1832945_1832945_INS_919,0.866773
chr8_2098861_2099133_CpG:_24,chr8,napu_chr8_2099409_2099889_DEL_-480,0.998706
chr8_2127580_2127833_CpG:_37,chr8,napu_chr8_2127278_2127955_DEL_-677,0.989058
chr8_2455049_2455299_CpG:_23,chr8,napu_chr8_2355395_2355495_DEL_-100,0.891716
chr8_10851904_10852270_CpG:_29,chr8,napu_chr8_10805865_10805865_INS_78,0.999869
chr8_19461519_19461744_CpG:_20,chr8,napu_chr8_19479762_19479832_DEL_-70,0.997231
chr8_43246346_43247399_CpG:_95,chr8,napu_chr8_43245292_43245351_DEL_-59,0.766764
chr8_95073041_95073519_CpG:_49,chr8,napu_chr8_95060002_95060002_INS_328,0.860182
chr8_140047187_140047424_CpG:_20,chr8,napu_chr8_140037951_140037951_INS_326,0.991367
chr8_142390270_142390870_CpG:_46,chr8,napu_chr8_142413417_142414318_DEL_-901,0.856226
chr8_142404052_142404338_CpG:_20,chr8,napu_chr8_142287610_142287610_INS_54,0.938328
chr8_143261617_143262144_CpG:_49,chr8,napu_chr8_143323568_143323721_DEL_-153,0.917961
chr8_143577575_143578465_CpG:_111,chr8,napu_chr8_143575769_143575850_DEL_-81,1.0
chr8_144277951_144278265_CpG:_26,chr8,napu_chr8_144279080_144279162_DEL_-82,1.0
chr8_144353438_144354463_CpG:_94,chr8,napu_chr8_144356290_144356290_INS_60,0.99976
chr8_144533101_144533308_CpG:_17,chr8,napu_chr8_144531270_144532036_DEL_-766,0.83853
chr9_112916_114839_CpG:_211,chr9,napu_chr9_82879_83901_DEL_-1022,0.959928
chr9_116701_118177_CpG:_122,chr9,napu_chr9_181183_181827_DEL_-644,0.6151
chr9_826582_826800_CpG:_16,chr9,napu_chr9_854884_854884_INS_398,0.9674
chr9_998463_999034_CpG:_48,chr9,napu_chr9_998541_998541_INS_680,1.0
chr9_6715976_6716503_CpG:_49,chr9,napu_chr9_6711062_6711177_DEL_-115,1.0
chr9_14348685_14349075_CpG:_27,chr9,napu_chr9_14003313_14003313_INS_144,0.880993
chr9_38241244_38241583_CpG:_43,chr9,napu_chr9_38242869_38242919_DEL_-50,0.999983
chr9_39078692_39079009_CpG:_42,chr9,napu_chr9_39096070_39096295_DEL_-225,0.999985
chr9_83956132_83957112_CpG:_77,chr9,napu_chr9_83848046_83848256_DEL_-210,0.948444
chr9_91159914_91160397_CpG:_36,chr9,napu_chr9_91296197_91296197_INS_731,0.99999
chr9_113900597_113901198_CpG:_56,chr9,napu_chr9_113900795_113901028_DEL_-233,0.99991
chr9_133306026_133306242_CpG:_17,chr9,napu_chr9_133305986_133306073_DEL_-87,0.664202
chr9_133428446_133430116_CpG:_146,chr9,napu_chr9_133391399_133391469_DEL_-70,0.916393
chr9_136769404_136769615_CpG:_14,chr9,napu_chr9_136755715_136755715_INS_60,0.540874
chr9_136770163_136770582_CpG:_49,chr9,napu_chr9_136755715_136755715_INS_60,0.999239
chr9_137048647_137049263_CpG:_57,chr9,napu_chr9_137102262_137102262_INS_3553,0.995834
chr9_137278161_137281653_CpG:_341,chr9,napu_chr9_137287444_137287869_DEL_-425,1.0
chr9_137717989_137718229_CpG:_24,chr9,napu_chr9_137716016_137716016_INS_305,0.890289
chr9_137780673_137781373_CpG:_62,chr9,napu_chr9_137780367_137780738_DEL_-371,0.998723
chr9_138147698_138148159_CpG:_49,chr9,napu_chr9_138190999_138194999_DEL_-4000,0.99683
chr9_138150056_138150661_CpG:_61,chr9,napu_chr9_138144541_138144541_INS_70,1.0
chr9_138174943_138175739_CpG:_62,chr9,napu_chr9_138163028_138164027_DEL_-999,0.928557
